{
  "version": 1,
  "author": "Anonymous maker",
  "editor": "wokwi",
  "parts": [
    { "type": "wokwi-arduino-uno", "id": "uno", "top": 55.33, "left": -3.33, "attrs": {} },
    {
      "type": "wokwi-led",
      "id": "led1",
      "top": -81.24,
      "left": 44.33,
      "attrs": { "color": "magenta" }
    },
    {
      "type": "wokwi-pushbutton",
      "id": "btn1",
      "top": -56.57,
      "left": 206.34,
      "attrs": { "color": "green" }
    },
    {
      "type": "wokwi-resistor",
      "id": "r1",
      "top": -26.57,
      "left": 102.34,
      "attrs": { "value": "1000" }
    }
  ],
  "connections": [
    [ "led1:A", "r1:1", "yellow", [ "v0" ] ],
    [ "led1:C", "uno:GND.1", "yellow", [ "v79.74", "h49.34" ] ],
    [ "r1:2", "uno:7", "yellow", [ "v2.74", "h11.66" ] ],
    [ "uno:GND.1", "btn1:1.r", "black", [ "v-54.5", "h-89.84", "v-91.33", "h277.33", "v34" ] ],
    [ "btn1:2.l", "uno:5", "green", [ "h0" ] ]
  ]
}